problem_method, local_lower ,lower_num ,vanilla_lower ,lower_num ,
SMD1,0.507040,100,1.476200,100,
SMD2,0.004673,100,0.008539,100,
SMD3,1.448100,100,3.387200,100,
SMD4,0.305120,100,0.168620,100,
SMD5,0.004960,100,0.004923,100,
SMD6,0.000003,100,0.000006,100,
SMD7,0.004673,100,0.008539,100,
SMD8,0.020469,100,0.009798,100,
